model,avg_score,avg_latency_sec,total_duration_s,load_duration_s,prompt_eval_duration_s,prompt_eval_count,eval_count,eval_duration_s,samples
gemma:2b,0.0,4.640000000000001,4.6300636245,0.08926020800000001,4.228638375,104.0,16.5,0.311776875,2
qwen2:1.5b,0.5,3.8400000000000003,3.8317039375,0.358608979,3.439771959,84.5,3.0,0.0327307705,2
tinyllama,0.0,2.6799999999999997,2.6755273545,0.218730396,1.8192027709999998,121.0,68.5,0.6360113955000001,2
