model,avg_score,avg_latency_sec,total_duration_s,load_duration_s,prompt_eval_duration_s,prompt_eval_count,eval_count,eval_duration_s,samples
gemma:2b,0.23,5.904400000000001,1.3622239770600002,0.09579793998,0.39631590582000004,113.01,43.37,0.86935748877,100
qwen2:1.5b,0.27,0.3605,0.35360573576,0.0777230258,0.23027083783,94.3,3.69,0.04526242174,100
tinyllama,0.23,0.7494,0.74297775288,0.03773644457,0.16717948793,132.79,54.54,0.5374667733599999,100
